"Project","ScanDate","DependencyName","DependencyPath","Description","License","Md5","Sha1","Identifiers","CPE","CVE","CWE","Vulnerability","Source","CVSSv2_Severity","CVSSv2_Score","CVSSv2","CVSSv3_BaseSeverity","CVSSv3_BaseScore","CVSSv3","CPE Confidence","Evidence Count"
spring-boot-demo,"Sat, 8 Jul 2023 22:07:22 -0500",LatencyUtils-2.0.3.jar,C:\Users\PSI\.m2\repository\org\latencyutils\LatencyUtils\2.0.3\LatencyUtils-2.0.3.jar,LatencyUtils is a package that provides latency recording and reporting utilities.,"Public Domain, per Creative Commons CC0: http://creativecommons.org/publicdomain/zero/1.0/",2ad12e1ef7614cecfb0483fa9ac6da73,769c0b82cb2421c8256300e907298a9410a2a3d3,pkg:maven/org.latencyutils/LatencyUtils@2.0.3,cpe:2.3:a:utils_project:utils:2.0.3:*:*:*:*:*:*:*,CVE-2021-4277,CWE-330 Use of Insufficiently Random Values,"A vulnerability, which was classified as problematic, has been found in fredsmith utils. This issue affects some unknown processing of the file screenshot_sync of the component Filename Handler. The manipulation leads to predictable from observable state. The name of the patch is dbab1b66955eeb3d76b34612b358307f5c4e3944. It is recommended to apply a patch to fix this issue. The identifier VDB-216749 was assigned to this vulnerability.",NVD,"","","",MEDIUM,5.3,CVSS:3.1/AV:N/AC:L/PR:N/UI:N/S:U/C:L/I:N/A:N,HIGH,16
spring-boot-demo,"Sat, 8 Jul 2023 22:07:22 -0500",commons-io-2.6.jar,C:\Users\PSI\.m2\repository\commons-io\commons-io\2.6\commons-io-2.6.jar,"The Apache Commons IO library contains utility classes, stream implementations, file filters, file comparators, endian transformation classes, and much more.",https://www.apache.org/licenses/LICENSE-2.0.txt,467c2a1f64319c99b5faf03fc78572af,815893df5f31da2ece4040fe0a12fd44b577afaf,pkg:maven/commons-io/commons-io@2.6,"cpe:2.3:a:apache:commons_io:2.6:*:*:*:*:*:*:*, cpe:2.3:a:apache:commons_net:2.6:*:*:*:*:*:*:*",CVE-2021-29425,CWE-22 Improper Limitation of a Pathname to a Restricted Directory ('Path Traversal'),"In Apache Commons IO before 2.7, When invoking the method FileNameUtils.normalize with an improper input string, like ""//../foo"", or ""\\..\foo"", the result would be the same value, thus possibly providing access to files in the parent directory, but not further above (thus ""limited"" path traversal), if the calling code would use the result to construct a path value.",NVD,MEDIUM,5.8,/AV:N/AC:M/Au:N/C:P/I:P/A:N,MEDIUM,4.8,CVSS:3.1/AV:N/AC:H/PR:N/UI:N/S:U/C:L/I:L/A:N,HIGH,40
spring-boot-demo,"Sat, 8 Jul 2023 22:07:22 -0500",commons-io-2.6.jar,C:\Users\PSI\.m2\repository\commons-io\commons-io\2.6\commons-io-2.6.jar,"The Apache Commons IO library contains utility classes, stream implementations, file filters, file comparators, endian transformation classes, and much more.",https://www.apache.org/licenses/LICENSE-2.0.txt,467c2a1f64319c99b5faf03fc78572af,815893df5f31da2ece4040fe0a12fd44b577afaf,pkg:maven/commons-io/commons-io@2.6,"cpe:2.3:a:apache:commons_io:2.6:*:*:*:*:*:*:*, cpe:2.3:a:apache:commons_net:2.6:*:*:*:*:*:*:*",CVE-2021-37533,CWE-20 Improper Input Validation,"Prior to Apache Commons Net 3.9.0, Net's FTP client trusts the host from PASV response by default. A malicious server can redirect the Commons Net code to use a different host, but the user has to connect to the malicious server in the first place. This may lead to leakage of information about services running on the private network of the client. The default in version 3.9.0 is now false to ignore such hosts, as cURL does. See https://issues.apache.org/jira/browse/NET-711.",NVD,"","","",MEDIUM,6.5,CVSS:3.1/AV:N/AC:L/PR:N/UI:R/S:U/C:H/I:N/A:N,HIGH,40
spring-boot-demo,"Sat, 8 Jul 2023 22:07:22 -0500",jackson-core-2.13.5.jar,C:\Users\PSI\.m2\repository\com\fasterxml\jackson\core\jackson-core\2.13.5\jackson-core-2.13.5.jar,"Core Jackson processing abstractions (aka Streaming API), implementation for JSON","The Apache Software License, Version 2.0: http://www.apache.org/licenses/LICENSE-2.0.txt",2272453c780d1383ecd2efde00c1a7a9,0d07c97d3de9ea658caf1ff1809fd9de930a286a,pkg:maven/com.fasterxml.jackson.core/jackson-core@2.13.5,"cpe:2.3:a:fasterxml:jackson-modules-java8:2.13.5:*:*:*:*:*:*:*, cpe:2.3:a:json-java_project:json-java:2.13.5:*:*:*:*:*:*:*",CVE-2022-45688,CWE-787 Out-of-bounds Write,A stack overflow in the XML.toJSONObject component of hutool-json v5.8.10 allows attackers to cause a Denial of Service (DoS) via crafted JSON or XML data.,NVD,"","","",HIGH,7.5,CVSS:3.1/AV:N/AC:L/PR:N/UI:N/S:U/C:N/I:N/A:H,HIGH,51
spring-boot-demo,"Sat, 8 Jul 2023 22:07:22 -0500",jackson-databind-2.13.5.jar,C:\Users\PSI\.m2\repository\com\fasterxml\jackson\core\jackson-databind\2.13.5\jackson-databind-2.13.5.jar,General data-binding functionality for Jackson: works on core streaming API,"The Apache Software License, Version 2.0: http://www.apache.org/licenses/LICENSE-2.0.txt",1dbb98839964a6967a428d868b2d8714,aa95e46dbc32454f3983221d420e78ef19ddf844,pkg:maven/com.fasterxml.jackson.core/jackson-databind@2.13.5,"cpe:2.3:a:fasterxml:jackson-databind:2.13.5:*:*:*:*:*:*:*, cpe:2.3:a:fasterxml:jackson-modules-java8:2.13.5:*:*:*:*:*:*:*",CVE-2023-35116,CWE-502 Deserialization of Untrusted Data,** DISPUTED ** An issue was discovered jackson-databind thru 2.15.2 allows attackers to cause a denial of service or other unspecified impacts via crafted object that uses cyclic dependencies. NOTE: the vendor's perspective is that the product is not intended for use with untrusted input.,NVD,"","","",HIGH,7.5,CVSS:3.1/AV:N/AC:L/PR:N/UI:N/S:U/C:N/I:N/A:H,HIGH,45
spring-boot-demo,"Sat, 8 Jul 2023 22:07:22 -0500",snakeyaml-1.30.jar,C:\Users\PSI\.m2\repository\org\yaml\snakeyaml\1.30\snakeyaml-1.30.jar,YAML 1.1 parser and emitter for Java,"Apache License, Version 2.0: http://www.apache.org/licenses/LICENSE-2.0.txt",ba063b8ef3a8bfd591a1b56451166b14,8fde7fe2586328ac3c68db92045e1c8759125000,pkg:maven/org.yaml/snakeyaml@1.30,"cpe:2.3:a:snakeyaml_project:snakeyaml:1.30:*:*:*:*:*:*:*, cpe:2.3:a:yaml_project:yaml:1.30:*:*:*:*:*:*:*",CVE-2021-4235,NVD-CWE-noinfo,"Due to unbounded alias chasing, a maliciously crafted YAML file can cause the system to consume significant system resources. If parsing user input, this may be used as a denial of service vector.",NVD,"","","",MEDIUM,5.5,CVSS:3.1/AV:L/AC:L/PR:N/UI:R/S:U/C:N/I:N/A:H,HIGH,28
spring-boot-demo,"Sat, 8 Jul 2023 22:07:22 -0500",snakeyaml-1.30.jar,C:\Users\PSI\.m2\repository\org\yaml\snakeyaml\1.30\snakeyaml-1.30.jar,YAML 1.1 parser and emitter for Java,"Apache License, Version 2.0: http://www.apache.org/licenses/LICENSE-2.0.txt",ba063b8ef3a8bfd591a1b56451166b14,8fde7fe2586328ac3c68db92045e1c8759125000,pkg:maven/org.yaml/snakeyaml@1.30,"cpe:2.3:a:snakeyaml_project:snakeyaml:1.30:*:*:*:*:*:*:*, cpe:2.3:a:yaml_project:yaml:1.30:*:*:*:*:*:*:*",CVE-2022-1471,CWE-502 Deserialization of Untrusted Data,SnakeYaml's Constructor() class does not restrict types which can be instantiated during deserialization.Â Deserializing yaml content provided by an attacker can lead to remote code execution. We recommend using SnakeYaml's SafeConsturctor when parsing untrusted content to restrict deserialization. We recommend upgrading to version 2.0 and beyond.,NVD,"","","",CRITICAL,9.8,CVSS:3.1/AV:N/AC:L/PR:N/UI:N/S:U/C:H/I:H/A:H,HIGH,28
spring-boot-demo,"Sat, 8 Jul 2023 22:07:22 -0500",snakeyaml-1.30.jar,C:\Users\PSI\.m2\repository\org\yaml\snakeyaml\1.30\snakeyaml-1.30.jar,YAML 1.1 parser and emitter for Java,"Apache License, Version 2.0: http://www.apache.org/licenses/LICENSE-2.0.txt",ba063b8ef3a8bfd591a1b56451166b14,8fde7fe2586328ac3c68db92045e1c8759125000,pkg:maven/org.yaml/snakeyaml@1.30,"cpe:2.3:a:snakeyaml_project:snakeyaml:1.30:*:*:*:*:*:*:*, cpe:2.3:a:yaml_project:yaml:1.30:*:*:*:*:*:*:*",CVE-2022-25857,CWE-400 Uncontrolled Resource Consumption ('Resource Exhaustion'),The package org.yaml:snakeyaml from 0 and before 1.31 are vulnerable to Denial of Service (DoS) due missing to nested depth limitation for collections.,NVD,"","","",HIGH,7.5,CVSS:3.1/AV:N/AC:L/PR:N/UI:N/S:U/C:N/I:N/A:H,HIGH,28
spring-boot-demo,"Sat, 8 Jul 2023 22:07:22 -0500",snakeyaml-1.30.jar,C:\Users\PSI\.m2\repository\org\yaml\snakeyaml\1.30\snakeyaml-1.30.jar,YAML 1.1 parser and emitter for Java,"Apache License, Version 2.0: http://www.apache.org/licenses/LICENSE-2.0.txt",ba063b8ef3a8bfd591a1b56451166b14,8fde7fe2586328ac3c68db92045e1c8759125000,pkg:maven/org.yaml/snakeyaml@1.30,"cpe:2.3:a:snakeyaml_project:snakeyaml:1.30:*:*:*:*:*:*:*, cpe:2.3:a:yaml_project:yaml:1.30:*:*:*:*:*:*:*",CVE-2022-3064,CWE-400 Uncontrolled Resource Consumption ('Resource Exhaustion'),Parsing malicious or large YAML documents can consume excessive amounts of CPU or memory.,NVD,"","","",HIGH,7.5,CVSS:3.1/AV:N/AC:L/PR:N/UI:N/S:U/C:N/I:N/A:H,HIGH,28
spring-boot-demo,"Sat, 8 Jul 2023 22:07:22 -0500",snakeyaml-1.30.jar,C:\Users\PSI\.m2\repository\org\yaml\snakeyaml\1.30\snakeyaml-1.30.jar,YAML 1.1 parser and emitter for Java,"Apache License, Version 2.0: http://www.apache.org/licenses/LICENSE-2.0.txt",ba063b8ef3a8bfd591a1b56451166b14,8fde7fe2586328ac3c68db92045e1c8759125000,pkg:maven/org.yaml/snakeyaml@1.30,"cpe:2.3:a:snakeyaml_project:snakeyaml:1.30:*:*:*:*:*:*:*, cpe:2.3:a:yaml_project:yaml:1.30:*:*:*:*:*:*:*",CVE-2022-38749,CWE-787 Out-of-bounds Write,"Using snakeYAML to parse untrusted YAML files may be vulnerable to Denial of Service attacks (DOS). If the parser is running on user supplied input, an attacker may supply content that causes the parser to crash by stackoverflow.",NVD,"","","",MEDIUM,6.5,CVSS:3.1/AV:N/AC:L/PR:L/UI:N/S:U/C:N/I:N/A:H,HIGH,28
spring-boot-demo,"Sat, 8 Jul 2023 22:07:22 -0500",snakeyaml-1.30.jar,C:\Users\PSI\.m2\repository\org\yaml\snakeyaml\1.30\snakeyaml-1.30.jar,YAML 1.1 parser and emitter for Java,"Apache License, Version 2.0: http://www.apache.org/licenses/LICENSE-2.0.txt",ba063b8ef3a8bfd591a1b56451166b14,8fde7fe2586328ac3c68db92045e1c8759125000,pkg:maven/org.yaml/snakeyaml@1.30,"cpe:2.3:a:snakeyaml_project:snakeyaml:1.30:*:*:*:*:*:*:*, cpe:2.3:a:yaml_project:yaml:1.30:*:*:*:*:*:*:*",CVE-2022-38750,CWE-787 Out-of-bounds Write,"Using snakeYAML to parse untrusted YAML files may be vulnerable to Denial of Service attacks (DOS). If the parser is running on user supplied input, an attacker may supply content that causes the parser to crash by stackoverflow.",NVD,"","","",MEDIUM,5.5,CVSS:3.1/AV:L/AC:L/PR:N/UI:R/S:U/C:N/I:N/A:H,HIGH,28
spring-boot-demo,"Sat, 8 Jul 2023 22:07:22 -0500",snakeyaml-1.30.jar,C:\Users\PSI\.m2\repository\org\yaml\snakeyaml\1.30\snakeyaml-1.30.jar,YAML 1.1 parser and emitter for Java,"Apache License, Version 2.0: http://www.apache.org/licenses/LICENSE-2.0.txt",ba063b8ef3a8bfd591a1b56451166b14,8fde7fe2586328ac3c68db92045e1c8759125000,pkg:maven/org.yaml/snakeyaml@1.30,"cpe:2.3:a:snakeyaml_project:snakeyaml:1.30:*:*:*:*:*:*:*, cpe:2.3:a:yaml_project:yaml:1.30:*:*:*:*:*:*:*",CVE-2022-38751,CWE-787 Out-of-bounds Write,"Using snakeYAML to parse untrusted YAML files may be vulnerable to Denial of Service attacks (DOS). If the parser is running on user supplied input, an attacker may supply content that causes the parser to crash by stackoverflow.",NVD,"","","",MEDIUM,6.5,CVSS:3.1/AV:N/AC:L/PR:L/UI:N/S:U/C:N/I:N/A:H,HIGH,28
spring-boot-demo,"Sat, 8 Jul 2023 22:07:22 -0500",snakeyaml-1.30.jar,C:\Users\PSI\.m2\repository\org\yaml\snakeyaml\1.30\snakeyaml-1.30.jar,YAML 1.1 parser and emitter for Java,"Apache License, Version 2.0: http://www.apache.org/licenses/LICENSE-2.0.txt",ba063b8ef3a8bfd591a1b56451166b14,8fde7fe2586328ac3c68db92045e1c8759125000,pkg:maven/org.yaml/snakeyaml@1.30,"cpe:2.3:a:snakeyaml_project:snakeyaml:1.30:*:*:*:*:*:*:*, cpe:2.3:a:yaml_project:yaml:1.30:*:*:*:*:*:*:*",CVE-2022-38752,CWE-787 Out-of-bounds Write,"Using snakeYAML to parse untrusted YAML files may be vulnerable to Denial of Service attacks (DOS). If the parser is running on user supplied input, an attacker may supply content that causes the parser to crash by stack-overflow.",NVD,"","","",MEDIUM,6.5,CVSS:3.1/AV:N/AC:L/PR:L/UI:N/S:U/C:N/I:N/A:H,HIGH,28
spring-boot-demo,"Sat, 8 Jul 2023 22:07:22 -0500",snakeyaml-1.30.jar,C:\Users\PSI\.m2\repository\org\yaml\snakeyaml\1.30\snakeyaml-1.30.jar,YAML 1.1 parser and emitter for Java,"Apache License, Version 2.0: http://www.apache.org/licenses/LICENSE-2.0.txt",ba063b8ef3a8bfd591a1b56451166b14,8fde7fe2586328ac3c68db92045e1c8759125000,pkg:maven/org.yaml/snakeyaml@1.30,"cpe:2.3:a:snakeyaml_project:snakeyaml:1.30:*:*:*:*:*:*:*, cpe:2.3:a:yaml_project:yaml:1.30:*:*:*:*:*:*:*",CVE-2022-41854,CWE-787 Out-of-bounds Write,"Those using Snakeyaml to parse untrusted YAML files may be vulnerable to Denial of Service attacks (DOS). If the parser is running on user supplied input, an attacker may supply content that causes the parser to crash by stack overflow. This effect may support a denial of service attack.",NVD,"","","",MEDIUM,6.5,CVSS:3.1/AV:N/AC:L/PR:N/UI:R/S:U/C:N/I:N/A:H,HIGH,28
spring-boot-demo,"Sat, 8 Jul 2023 22:07:22 -0500",snakeyaml-1.30.jar,C:\Users\PSI\.m2\repository\org\yaml\snakeyaml\1.30\snakeyaml-1.30.jar,YAML 1.1 parser and emitter for Java,"Apache License, Version 2.0: http://www.apache.org/licenses/LICENSE-2.0.txt",ba063b8ef3a8bfd591a1b56451166b14,8fde7fe2586328ac3c68db92045e1c8759125000,pkg:maven/org.yaml/snakeyaml@1.30,"cpe:2.3:a:snakeyaml_project:snakeyaml:1.30:*:*:*:*:*:*:*, cpe:2.3:a:yaml_project:yaml:1.30:*:*:*:*:*:*:*",CVE-2023-2251,CWE-248 Uncaught Exception,Uncaught Exception in GitHub repository eemeli/yaml prior to 2.0.0-5.,NVD,"","","",HIGH,7.5,CVSS:3.1/AV:N/AC:L/PR:N/UI:N/S:U/C:N/I:N/A:H,HIGH,28
spring-boot-demo,"Sat, 8 Jul 2023 22:07:22 -0500",spring-boot-2.7.13.jar,C:\Users\PSI\.m2\repository\org\springframework\boot\spring-boot\2.7.13\spring-boot-2.7.13.jar,Spring Boot,"Apache License, Version 2.0: https://www.apache.org/licenses/LICENSE-2.0",b79d0cc5c82b4f073f42cf2673ed6a1d,d009fa51c7792c9e510da7e69329baf39591707d,pkg:maven/org.springframework.boot/spring-boot@2.7.13,"cpe:2.3:a:vmware:spring_boot:2.7.13:*:*:*:*:*:*:*, cpe:2.3:a:vmware:spring_framework:2.7.13:*:*:*:*:*:*:*",CVE-2013-4152,"CWE-264 Permissions, Privileges, and Access Controls","The Spring OXM wrapper in Spring Framework before 3.2.4 and 4.0.0.M1, when using the JAXB marshaller, does not disable entity resolution, which allows context-dependent attackers to read arbitrary files, cause a denial of service, and conduct CSRF attacks via an XML external entity declaration in conjunction with an entity reference in a (1) DOMSource, (2) StAXSource, (3) SAXSource, or (4) StreamSource, aka an XML External Entity (XXE) issue.",NVD,MEDIUM,6.8,/AV:N/AC:M/Au:N/C:P/I:P/A:P,"","","",HIGH,30
spring-boot-demo,"Sat, 8 Jul 2023 22:07:22 -0500",spring-boot-2.7.13.jar,C:\Users\PSI\.m2\repository\org\springframework\boot\spring-boot\2.7.13\spring-boot-2.7.13.jar,Spring Boot,"Apache License, Version 2.0: https://www.apache.org/licenses/LICENSE-2.0",b79d0cc5c82b4f073f42cf2673ed6a1d,d009fa51c7792c9e510da7e69329baf39591707d,pkg:maven/org.springframework.boot/spring-boot@2.7.13,"cpe:2.3:a:vmware:spring_boot:2.7.13:*:*:*:*:*:*:*, cpe:2.3:a:vmware:spring_framework:2.7.13:*:*:*:*:*:*:*",CVE-2013-7315,"CWE-264 Permissions, Privileges, and Access Controls","The Spring MVC in Spring Framework before 3.2.4 and 4.0.0.M1 through 4.0.0.M2 does not disable external entity resolution for the StAX XMLInputFactory, which allows context-dependent attackers to read arbitrary files, cause a denial of service, and conduct CSRF attacks via crafted XML with JAXB, aka an XML External Entity (XXE) issue, and a different vulnerability than CVE-2013-4152.  NOTE: this issue was SPLIT from CVE-2013-4152 due to different affected versions.",NVD,MEDIUM,6.8,/AV:N/AC:M/Au:N/C:P/I:P/A:P,"","","",HIGH,30
spring-boot-demo,"Sat, 8 Jul 2023 22:07:22 -0500",spring-boot-2.7.13.jar,C:\Users\PSI\.m2\repository\org\springframework\boot\spring-boot\2.7.13\spring-boot-2.7.13.jar,Spring Boot,"Apache License, Version 2.0: https://www.apache.org/licenses/LICENSE-2.0",b79d0cc5c82b4f073f42cf2673ed6a1d,d009fa51c7792c9e510da7e69329baf39591707d,pkg:maven/org.springframework.boot/spring-boot@2.7.13,"cpe:2.3:a:vmware:spring_boot:2.7.13:*:*:*:*:*:*:*, cpe:2.3:a:vmware:spring_framework:2.7.13:*:*:*:*:*:*:*",CVE-2014-0054,CWE-352 Cross-Site Request Forgery (CSRF),"The Jaxb2RootElementHttpMessageConverter in Spring MVC in Spring Framework before 3.2.8 and 4.0.0 before 4.0.2 does not disable external entity resolution, which allows remote attackers to read arbitrary files, cause a denial of service, and conduct CSRF attacks via crafted XML, aka an XML External Entity (XXE) issue.  NOTE: this vulnerability exists because of an incomplete fix for CVE-2013-4152, CVE-2013-7315, and CVE-2013-6429.",NVD,MEDIUM,6.8,/AV:N/AC:M/Au:N/C:P/I:P/A:P,"","","",HIGH,30
spring-boot-demo,"Sat, 8 Jul 2023 22:07:22 -0500",spring-boot-2.7.13.jar,C:\Users\PSI\.m2\repository\org\springframework\boot\spring-boot\2.7.13\spring-boot-2.7.13.jar,Spring Boot,"Apache License, Version 2.0: https://www.apache.org/licenses/LICENSE-2.0",b79d0cc5c82b4f073f42cf2673ed6a1d,d009fa51c7792c9e510da7e69329baf39591707d,pkg:maven/org.springframework.boot/spring-boot@2.7.13,"cpe:2.3:a:vmware:spring_boot:2.7.13:*:*:*:*:*:*:*, cpe:2.3:a:vmware:spring_framework:2.7.13:*:*:*:*:*:*:*",CVE-2016-1000027,CWE-502 Deserialization of Untrusted Data,"Pivotal Spring Framework through 5.3.16 suffers from a potential remote code execution (RCE) issue if used for Java deserialization of untrusted data. Depending on how the library is implemented within a product, this issue may or not occur, and authentication may be required. NOTE: the vendor's position is that untrusted data is not an intended use case. The product's behavior will not be changed because some users rely on deserialization of trusted data.",NVD,HIGH,7.5,/AV:N/AC:L/Au:N/C:P/I:P/A:P,CRITICAL,9.8,CVSS:3.1/AV:N/AC:L/PR:N/UI:N/S:U/C:H/I:H/A:H,HIGH,30
spring-boot-demo,"Sat, 8 Jul 2023 22:07:22 -0500",spring-boot-2.7.13.jar,C:\Users\PSI\.m2\repository\org\springframework\boot\spring-boot\2.7.13\spring-boot-2.7.13.jar,Spring Boot,"Apache License, Version 2.0: https://www.apache.org/licenses/LICENSE-2.0",b79d0cc5c82b4f073f42cf2673ed6a1d,d009fa51c7792c9e510da7e69329baf39591707d,pkg:maven/org.springframework.boot/spring-boot@2.7.13,"cpe:2.3:a:vmware:spring_boot:2.7.13:*:*:*:*:*:*:*, cpe:2.3:a:vmware:spring_framework:2.7.13:*:*:*:*:*:*:*",CVE-2018-11039,NVD-CWE-noinfo,"Spring Framework (versions 5.0.x prior to 5.0.7, versions 4.3.x prior to 4.3.18, and older unsupported versions) allow web applications to change the HTTP request method to any HTTP method (including TRACE) using the HiddenHttpMethodFilter in Spring MVC. If an application has a pre-existing XSS vulnerability, a malicious user (or attacker) can use this filter to escalate to an XST (Cross Site Tracing) attack.",NVD,MEDIUM,4.3,/AV:N/AC:M/Au:N/C:P/I:N/A:N,MEDIUM,5.9,CVSS:3.1/AV:N/AC:H/PR:N/UI:N/S:U/C:H/I:N/A:N,HIGH,30
spring-boot-demo,"Sat, 8 Jul 2023 22:07:22 -0500",spring-boot-2.7.13.jar,C:\Users\PSI\.m2\repository\org\springframework\boot\spring-boot\2.7.13\spring-boot-2.7.13.jar,Spring Boot,"Apache License, Version 2.0: https://www.apache.org/licenses/LICENSE-2.0",b79d0cc5c82b4f073f42cf2673ed6a1d,d009fa51c7792c9e510da7e69329baf39591707d,pkg:maven/org.springframework.boot/spring-boot@2.7.13,"cpe:2.3:a:vmware:spring_boot:2.7.13:*:*:*:*:*:*:*, cpe:2.3:a:vmware:spring_framework:2.7.13:*:*:*:*:*:*:*",CVE-2018-11040,CWE-829 Inclusion of Functionality from Untrusted Control Sphere,"Spring Framework, versions 5.0.x prior to 5.0.7 and 4.3.x prior to 4.3.18 and older unsupported versions, allows web applications to enable cross-domain requests via JSONP (JSON with Padding) through AbstractJsonpResponseBodyAdvice for REST controllers and MappingJackson2JsonView for browser requests. Both are not enabled by default in Spring Framework nor Spring Boot, however, when MappingJackson2JsonView is configured in an application, JSONP support is automatically ready to use through the ""jsonp"" and ""callback"" JSONP parameters, enabling cross-domain requests.",NVD,MEDIUM,4.3,/AV:N/AC:M/Au:N/C:P/I:N/A:N,HIGH,7.5,CVSS:3.1/AV:N/AC:L/PR:N/UI:N/S:U/C:H/I:N/A:N,HIGH,30
spring-boot-demo,"Sat, 8 Jul 2023 22:07:22 -0500",spring-boot-2.7.13.jar,C:\Users\PSI\.m2\repository\org\springframework\boot\spring-boot\2.7.13\spring-boot-2.7.13.jar,Spring Boot,"Apache License, Version 2.0: https://www.apache.org/licenses/LICENSE-2.0",b79d0cc5c82b4f073f42cf2673ed6a1d,d009fa51c7792c9e510da7e69329baf39591707d,pkg:maven/org.springframework.boot/spring-boot@2.7.13,"cpe:2.3:a:vmware:spring_boot:2.7.13:*:*:*:*:*:*:*, cpe:2.3:a:vmware:spring_framework:2.7.13:*:*:*:*:*:*:*",CVE-2018-1257,NVD-CWE-noinfo,"Spring Framework, versions 5.0.x prior to 5.0.6, versions 4.3.x prior to 4.3.17, and older unsupported versions allows applications to expose STOMP over WebSocket endpoints with a simple, in-memory STOMP broker through the spring-messaging module. A malicious user (or attacker) can craft a message to the broker that can lead to a regular expression, denial of service attack.",NVD,MEDIUM,4.0,/AV:N/AC:L/Au:S/C:N/I:N/A:P,MEDIUM,6.5,CVSS:3.1/AV:N/AC:L/PR:L/UI:N/S:U/C:N/I:N/A:H,HIGH,30
spring-boot-demo,"Sat, 8 Jul 2023 22:07:22 -0500",spring-boot-2.7.13.jar,C:\Users\PSI\.m2\repository\org\springframework\boot\spring-boot\2.7.13\spring-boot-2.7.13.jar,Spring Boot,"Apache License, Version 2.0: https://www.apache.org/licenses/LICENSE-2.0",b79d0cc5c82b4f073f42cf2673ed6a1d,d009fa51c7792c9e510da7e69329baf39591707d,pkg:maven/org.springframework.boot/spring-boot@2.7.13,"cpe:2.3:a:vmware:spring_boot:2.7.13:*:*:*:*:*:*:*, cpe:2.3:a:vmware:spring_framework:2.7.13:*:*:*:*:*:*:*",CVE-2020-5421,NVD-CWE-noinfo,"In Spring Framework versions 5.2.0 - 5.2.8, 5.1.0 - 5.1.17, 5.0.0 - 5.0.18, 4.3.0 - 4.3.28, and older unsupported versions, the protections against RFD attacks from CVE-2015-5211 may be bypassed depending on the browser used through the use of a jsessionid path parameter.",NVD,LOW,3.6,/AV:N/AC:H/Au:S/C:P/I:P/A:N,MEDIUM,6.5,CVSS:3.1/AV:N/AC:H/PR:L/UI:R/S:C/C:L/I:H/A:N,HIGH,30
spring-boot-demo,"Sat, 8 Jul 2023 22:07:22 -0500",spring-boot-2.7.13.jar,C:\Users\PSI\.m2\repository\org\springframework\boot\spring-boot\2.7.13\spring-boot-2.7.13.jar,Spring Boot,"Apache License, Version 2.0: https://www.apache.org/licenses/LICENSE-2.0",b79d0cc5c82b4f073f42cf2673ed6a1d,d009fa51c7792c9e510da7e69329baf39591707d,pkg:maven/org.springframework.boot/spring-boot@2.7.13,"cpe:2.3:a:vmware:spring_boot:2.7.13:*:*:*:*:*:*:*, cpe:2.3:a:vmware:spring_framework:2.7.13:*:*:*:*:*:*:*",CVE-2022-22950,CWE-770 Allocation of Resources Without Limits or Throttling,"n Spring Framework versions 5.3.0 - 5.3.16 and older unsupported versions, it is possible for a user to provide a specially crafted SpEL expression that may cause a denial of service condition.",NVD,MEDIUM,4.0,/AV:N/AC:L/Au:S/C:N/I:N/A:P,MEDIUM,6.5,CVSS:3.1/AV:N/AC:L/PR:L/UI:N/S:U/C:N/I:N/A:H,HIGH,30
spring-boot-demo,"Sat, 8 Jul 2023 22:07:22 -0500",spring-boot-2.7.13.jar,C:\Users\PSI\.m2\repository\org\springframework\boot\spring-boot\2.7.13\spring-boot-2.7.13.jar,Spring Boot,"Apache License, Version 2.0: https://www.apache.org/licenses/LICENSE-2.0",b79d0cc5c82b4f073f42cf2673ed6a1d,d009fa51c7792c9e510da7e69329baf39591707d,pkg:maven/org.springframework.boot/spring-boot@2.7.13,"cpe:2.3:a:vmware:spring_boot:2.7.13:*:*:*:*:*:*:*, cpe:2.3:a:vmware:spring_framework:2.7.13:*:*:*:*:*:*:*",CVE-2022-22965,CWE-94 Improper Control of Generation of Code ('Code Injection'),"A Spring MVC or Spring WebFlux application running on JDK 9+ may be vulnerable to remote code execution (RCE) via data binding. The specific exploit requires the application to run on Tomcat as a WAR deployment. If the application is deployed as a Spring Boot executable jar, i.e. the default, it is not vulnerable to the exploit. However, the nature of the vulnerability is more general, and there may be other ways to exploit it.",NVD,HIGH,7.5,/AV:N/AC:L/Au:N/C:P/I:P/A:P,CRITICAL,9.8,CVSS:3.1/AV:N/AC:L/PR:N/UI:N/S:U/C:H/I:H/A:H,HIGH,30
spring-boot-demo,"Sat, 8 Jul 2023 22:07:22 -0500",spring-boot-2.7.13.jar,C:\Users\PSI\.m2\repository\org\springframework\boot\spring-boot\2.7.13\spring-boot-2.7.13.jar,Spring Boot,"Apache License, Version 2.0: https://www.apache.org/licenses/LICENSE-2.0",b79d0cc5c82b4f073f42cf2673ed6a1d,d009fa51c7792c9e510da7e69329baf39591707d,pkg:maven/org.springframework.boot/spring-boot@2.7.13,"cpe:2.3:a:vmware:spring_boot:2.7.13:*:*:*:*:*:*:*, cpe:2.3:a:vmware:spring_framework:2.7.13:*:*:*:*:*:*:*",CVE-2022-22968,CWE-178 Improper Handling of Case Sensitivity,"In Spring Framework versions 5.3.0 - 5.3.18, 5.2.0 - 5.2.20, and older unsupported versions, the patterns for disallowedFields on a DataBinder are case sensitive which means a field is not effectively protected unless it is listed with both upper and lower case for the first character of the field, including upper and lower case for the first character of all nested fields within the property path.",NVD,MEDIUM,5.0,/AV:N/AC:L/Au:N/C:N/I:P/A:N,MEDIUM,5.3,CVSS:3.1/AV:N/AC:L/PR:N/UI:N/S:U/C:N/I:L/A:N,HIGH,30
spring-boot-demo,"Sat, 8 Jul 2023 22:07:22 -0500",spring-boot-2.7.13.jar,C:\Users\PSI\.m2\repository\org\springframework\boot\spring-boot\2.7.13\spring-boot-2.7.13.jar,Spring Boot,"Apache License, Version 2.0: https://www.apache.org/licenses/LICENSE-2.0",b79d0cc5c82b4f073f42cf2673ed6a1d,d009fa51c7792c9e510da7e69329baf39591707d,pkg:maven/org.springframework.boot/spring-boot@2.7.13,"cpe:2.3:a:vmware:spring_boot:2.7.13:*:*:*:*:*:*:*, cpe:2.3:a:vmware:spring_framework:2.7.13:*:*:*:*:*:*:*",CVE-2022-22970,CWE-770 Allocation of Resources Without Limits or Throttling,"In spring framework versions prior to 5.3.20+ , 5.2.22+ and old unsupported versions, applications that handle file uploads are vulnerable to DoS attack if they rely on data binding to set a MultipartFile or javax.servlet.Part to a field in a model object.",NVD,LOW,3.5,/AV:N/AC:M/Au:S/C:N/I:N/A:P,MEDIUM,5.3,CVSS:3.1/AV:N/AC:H/PR:L/UI:N/S:U/C:N/I:N/A:H,HIGH,30
spring-boot-demo,"Sat, 8 Jul 2023 22:07:22 -0500",spring-boot-2.7.13.jar,C:\Users\PSI\.m2\repository\org\springframework\boot\spring-boot\2.7.13\spring-boot-2.7.13.jar,Spring Boot,"Apache License, Version 2.0: https://www.apache.org/licenses/LICENSE-2.0",b79d0cc5c82b4f073f42cf2673ed6a1d,d009fa51c7792c9e510da7e69329baf39591707d,pkg:maven/org.springframework.boot/spring-boot@2.7.13,"cpe:2.3:a:vmware:spring_boot:2.7.13:*:*:*:*:*:*:*, cpe:2.3:a:vmware:spring_framework:2.7.13:*:*:*:*:*:*:*",CVE-2023-20861,NVD-CWE-noinfo,"In Spring Framework versions 6.0.0 - 6.0.6, 5.3.0 - 5.3.25, 5.2.0.RELEASE - 5.2.22.RELEASE, and older unsupported versions, it is possible for a user to provide a specially crafted SpEL expression that may cause a denial-of-service (DoS) condition.",NVD,"","","",MEDIUM,6.5,CVSS:3.1/AV:N/AC:L/PR:L/UI:N/S:U/C:N/I:N/A:H,HIGH,30
spring-boot-demo,"Sat, 8 Jul 2023 22:07:22 -0500",spring-core-5.3.28.jar,C:\Users\PSI\.m2\repository\org\springframework\spring-core\5.3.28\spring-core-5.3.28.jar,Spring Core,"Apache License, Version 2.0: https://www.apache.org/licenses/LICENSE-2.0",bf889db69e714829787f9b96d2f9866f,5b7ec246fef72fdfbb0b4123956715ca89cc6ddf,pkg:maven/org.springframework/spring-core@5.3.28,"cpe:2.3:a:pivotal_software:spring_framework:5.3.28:*:*:*:*:*:*:*, cpe:2.3:a:springsource:spring_framework:5.3.28:*:*:*:*:*:*:*, cpe:2.3:a:vmware:spring_framework:5.3.28:*:*:*:*:*:*:*",CVE-2016-1000027,CWE-502 Deserialization of Untrusted Data,"Pivotal Spring Framework through 5.3.16 suffers from a potential remote code execution (RCE) issue if used for Java deserialization of untrusted data. Depending on how the library is implemented within a product, this issue may or not occur, and authentication may be required. NOTE: the vendor's position is that untrusted data is not an intended use case. The product's behavior will not be changed because some users rely on deserialization of trusted data.",NVD,HIGH,7.5,/AV:N/AC:L/Au:N/C:P/I:P/A:P,CRITICAL,9.8,CVSS:3.1/AV:N/AC:L/PR:N/UI:N/S:U/C:H/I:H/A:H,HIGH,31
spring-boot-demo,"Sat, 8 Jul 2023 22:07:22 -0500",spring-web-5.3.28.jar,C:\Users\PSI\.m2\repository\org\springframework\spring-web\5.3.28\spring-web-5.3.28.jar,Spring Web,"Apache License, Version 2.0: https://www.apache.org/licenses/LICENSE-2.0",4ece748430984a9ed03162a0d5e51a4b,e15c861a248f5ba41dd1ebc691e582bb5f3a2813,pkg:maven/org.springframework/spring-web@5.3.28,"cpe:2.3:a:pivotal_software:spring_framework:5.3.28:*:*:*:*:*:*:*, cpe:2.3:a:springsource:spring_framework:5.3.28:*:*:*:*:*:*:*, cpe:2.3:a:vmware:spring_framework:5.3.28:*:*:*:*:*:*:*, cpe:2.3:a:web_project:web:5.3.28:*:*:*:*:*:*:*",CVE-2016-1000027,CWE-502 Deserialization of Untrusted Data,"Pivotal Spring Framework through 5.3.16 suffers from a potential remote code execution (RCE) issue if used for Java deserialization of untrusted data. Depending on how the library is implemented within a product, this issue may or not occur, and authentication may be required. NOTE: the vendor's position is that untrusted data is not an intended use case. The product's behavior will not be changed because some users rely on deserialization of trusted data.",NVD,HIGH,7.5,/AV:N/AC:L/Au:N/C:P/I:P/A:P,CRITICAL,9.8,CVSS:3.1/AV:N/AC:L/PR:N/UI:N/S:U/C:H/I:H/A:H,HIGH,29
